Transaction_ID,Amount,Hour,Distance_From_Home,Transaction_Frequency,Is_Fraud,Anomaly_Prediction,Anomaly_Score,Predicted_Fraud,Risk_Score
T00049,49950,16,2,19,1,-1,-0.006057025479989098,1,57.87
T00051,38723,0,1,19,0,-1,-0.03356507799683217,1,69.37
T00087,799,0,63,1,0,-1,-0.018426502023096814,1,63.04
T00105,976,19,239,15,1,-1,-0.07525599457842858,1,86.81
T00111,34799,20,1,1,0,-1,-0.0045928704795101805,1,57.26
T00180,109,23,30,18,0,-1,-0.01392357084242013,1,61.16
T00195,55987,21,5,17,1,-1,-0.013812578911593265,1,61.11
T00197,1352,20,14,20,1,-1,-0.002336600566316571,1,56.31
T00247,1928,10,223,11,1,-1,-0.05045334409448787,1,76.44
T00248,47462,0,6,18,0,-1,-0.02857843093666912,1,67.29
T00260,76019,13,26,4,1,-1,-0.013789750302148462,1,61.1
T00268,31210,18,72,34,1,-1,-0.03854420238701106,1,71.46
T00288,20630,13,40,33,1,-1,-0.021145592632994092,1,64.18
T00291,47623,21,87,1,0,-1,-0.0017846452283564185,1,56.08
T00321,2298,20,19,32,1,-1,-0.06445682415762422,1,82.29
T00367,9474,23,99,12,0,-1,-0.001852673345431044,1,56.11
T00413,18887,1,78,27,1,-1,-0.015599318307096599,1,61.86
T00517,46833,20,48,29,1,-1,-0.03895344601841466,1,71.63
T00603,48344,1,8,2,0,-1,-0.007930882212235923,1,58.65
T00709,262,22,92,14,0,-1,-0.0031076710468324054,1,56.64
T00717,1271,23,15,16,0,-1,-0.0009467313905145991,1,55.73
T00746,49259,23,92,9,0,-1,-0.006377416441266992,1,58.0
T00763,72697,11,11,2,1,-1,-0.03363955265410046,1,69.41
T00766,36216,23,90,1,0,-1,-0.007830563104389676,1,58.61
T00769,5533,10,170,16,1,-1,-0.027913909000956805,1,67.01
T00803,49979,0,8,13,0,-1,-0.01231508961375194,1,60.49
T00828,77602,15,33,13,1,-1,-0.0008973565610048695,1,55.71
T00832,4133,3,94,1,0,-1,-0.0012355978779478027,1,55.85
T00887,657,11,209,17,1,-1,-0.07068092061904685,1,84.9
T00890,7266,22,75,33,1,-1,-0.06359404443445049,1,81.93
T00936,32502,8,27,27,1,-1,-0.01711866569423348,1,62.5
T00964,36121,19,168,11,1,-1,-0.00502283682671445,1,57.44
T00988,47662,23,54,1,0,-1,-0.012232365574417758,1,60.45
T01018,47080,0,17,2,0,-1,-0.0009361778400082121,1,55.73
T01047,3373,1,9,17,0,-1,-0.00278727039793647,1,56.5
T01053,2014,5,1,24,1,-1,-0.06092840943266442,1,80.82
T01057,36276,16,185,16,1,-1,-0.01679087689513936,1,62.36
T01062,4273,0,14,2,0,-1,-0.0001503497428265721,1,55.4
T01101,48094,23,22,4,0,-1,-0.005654561449759843,1,57.7
T01104,182,0,10,4,0,-1,-0.00747392241834921,1,58.46
T01213,12491,12,18,30,1,-1,-0.02893418682824589,1,67.44
T01282,2132,4,6,19,0,-1,-0.001856390580711298,1,56.11
T01295,436,21,36,1,0,-1,-0.0034654175993209524,1,56.79
T01340,49380,21,89,20,1,-1,-0.013388874511866655,1,60.94
T01342,727,21,85,1,0,-1,-0.016789626886844045,1,62.36
T01347,2873,7,23,34,1,-1,-0.055175222792603784,1,78.41
T01373,71476,19,35,16,1,-1,-0.010837199376906304,1,59.87
T01461,26370,13,199,15,1,-1,-0.013796413555775322,1,61.11
T01467,46535,23,89,1,0,-1,-0.02881590246941501,1,67.39
T01526,45612,2,8,19,0,-1,-0.0014279631289493278,1,55.93
T01563,26399,13,78,34,1,-1,-0.03254027562693862,1,68.95
T01609,48075,22,18,2,0,-1,-0.013356671199577841,1,60.92
T01650,49630,2,7,1,0,-1,-0.022135592644187962,1,64.59
T01678,27050,0,97,1,0,-1,-0.005447687024813352,1,57.61
T01679,315,3,4,18,0,-1,-0.01889381967367343,1,63.24
T01751,47653,0,42,19,0,-1,-0.0034763933894025323,1,56.79
T01766,20145,23,98,32,1,-1,-0.09178838859156602,1,93.72
T01840,31434,9,58,31,1,-1,-0.01940317529412461,1,63.45
T01921,24114,23,89,1,0,-1,-0.008536983830703893,1,58.91
T01954,78918,15,25,12,1,-1,-0.009489571053139079,1,59.31
T01973,23690,3,241,11,1,-1,-0.027192926690614905,1,66.71
T02001,3420,23,77,19,0,-1,-0.005526329884367298,1,57.65
T02018,1394,1,11,1,0,-1,-0.03207108878662168,1,68.75
T02039,6173,14,231,2,1,-1,-0.049840401819442826,1,76.18
T02056,10216,21,192,13,1,-1,-0.04718077439580226,1,75.07
T02066,867,23,43,2,0,-1,-0.00802533153046292,1,58.69
T02089,14485,5,88,29,1,-1,-0.024673697323500998,1,65.66
T02207,7742,3,5,1,0,-1,-0.008652047543807106,1,58.96
T02224,46897,0,10,19,0,-1,-0.026366046619562877,1,66.36
T02229,44498,1,93,1,0,-1,-0.0055034062358141345,1,57.64
T02240,37001,7,165,5,1,-1,-0.003048697883600182,1,56.61
T02246,36713,23,13,1,0,-1,-0.010820250424862676,1,59.86
T02326,38114,0,6,18,0,-1,-0.008690405678174251,1,58.97
T02349,41193,0,6,18,0,-1,-0.013263505603653969,1,60.88
T02415,64934,9,54,1,1,-1,-0.014648170758057133,1,61.46
T02501,10535,0,177,4,1,-1,-0.051122205317143954,1,76.72
T02517,48674,20,93,1,0,-1,-0.0065896424921620955,1,58.09
T02558,47880,18,15,25,1,-1,-0.03535845115279379,1,70.12
T02623,2720,22,2,18,0,-1,-0.011267047750264658,1,60.05
T02649,47180,14,60,28,1,-1,-0.025326636132217972,1,65.93
T02658,55569,12,3,18,1,-1,-0.0027345250945195465,1,56.48
T02681,79449,13,20,10,1,-1,-0.00988186449750239,1,59.47
T02741,31641,9,95,27,1,-1,-0.023217499512007578,1,65.05
T02743,21968,12,226,18,1,-1,-0.03614788989621642,1,70.45
T02811,40013,0,51,34,1,-1,-0.06597932096811165,1,82.93
T02816,33514,0,170,9,1,-1,-0.03882380787292128,1,71.57
T02873,47245,22,17,20,1,-1,-0.004809186134207555,1,57.35
T02939,1846,23,95,29,1,-1,-0.10679643514401893,1,100.0
T02940,2796,12,204,2,1,-1,-0.05063261051351153,1,76.51
T02986,3721,0,68,19,0,-1,-0.0028479958772202885,1,56.53
T03017,42532,8,3,31,1,-1,-0.06615624497079575,1,83.0
T03138,32012,19,13,33,1,-1,-0.059171722831933504,1,80.08
T03239,70059,22,48,18,1,-1,-0.03200337549574772,1,68.72
T03258,45804,23,13,28,1,-1,-0.08603083755374086,1,91.32
T03333,28180,21,175,17,1,-1,-0.04324181449166964,1,73.42
T03365,46474,21,21,30,1,-1,-0.059743344054560166,1,80.32
T03384,25638,17,248,2,1,-1,-0.040986125991408606,1,72.48
T03425,48318,0,60,19,0,-1,-0.00290444391011091,1,56.55
T03443,47503,13,206,10,1,-1,-0.03568137505026525,1,70.26
T03449,34483,22,226,5,1,-1,-0.05824203033614628,1,79.69
T03552,8176,22,215,17,1,-1,-0.07871857014974637,1,88.26
T03553,70932,1,97,19,1,-1,-0.07012284574793537,1,84.66
T03585,75338,1,97,16,1,-1,-0.04923887819057504,1,75.93
T03642,10365,19,25,29,1,-1,-0.03623011889119565,1,70.49
T03684,251,23,96,1,0,-1,-0.06084052160531461,1,80.78
T03701,71856,21,18,12,1,-1,-0.03256646524445361,1,68.96
T03742,40931,21,157,2,1,-1,-0.046866630344806426,1,74.94
T03777,47230,23,93,17,0,-1,-0.003923112951479624,1,56.98
T03919,24079,18,199,2,1,-1,-0.03770839958187411,1,71.11
T03990,75687,12,16,12,1,-1,-0.010536775119127317,1,59.74
T04047,48000,22,40,1,0,-1,-0.00511440270957797,1,57.48
T04065,471,23,81,7,0,-1,-0.011578131181576024,1,60.18
T04110,71852,8,69,19,1,-1,-0.0200307734153774,1,63.71
T04183,4574,22,181,12,1,-1,-0.05676632437771045,1,79.08
T04213,19704,12,3,29,1,-1,-0.046882680746378136,1,74.94
T04249,34854,4,65,29,1,-1,-0.022629522724132434,1,64.8
T04261,46433,23,1,12,0,-1,-0.005191041104474103,1,57.51
T04277,42986,0,6,18,0,-1,-0.015363280453260852,1,61.76
T04279,1350,22,12,18,0,-1,-0.0030211633209444866,1,56.6
T04320,43894,0,29,1,0,-1,-3.4550495887519794e-05,1,55.35
T04348,46756,0,10,18,0,-1,-0.01563215429671494,1,61.87
T04371,65394,22,97,15,1,-1,-0.04822779120714227,1,75.51
T04423,46732,18,4,1,0,-1,-0.010024651843105525,1,59.53
T04451,59637,4,11,19,1,-1,-0.02629421608334992,1,66.33
T04453,12774,2,28,31,1,-1,-0.027865154163822403,1,66.99
T04489,73556,7,96,11,1,-1,-0.016619960723803562,1,62.29
T04496,6048,2,48,24,1,-1,-0.000583151422453021,1,55.58
T04513,44846,23,99,2,0,-1,-0.03903186847561957,1,71.66
T04596,48346,22,94,3,0,-1,-0.008053585195867297,1,58.7
T04610,20028,9,174,8,1,-1,-0.00020659839635450705,1,55.42
T04657,27706,12,229,11,1,-1,-0.024114070945316257,1,65.42
T04688,47359,23,19,1,0,-1,-0.03506794838849947,1,70.0
T04829,3860,20,126,7,1,-1,-0.003225216061301217,1,56.69
T04877,4149,1,98,19,0,-1,-0.02184641027412726,1,64.47
T04896,47653,1,99,5,0,-1,-0.006791661074923572,1,58.18
T04922,6329,7,219,13,1,-1,-0.0391597807859998,1,71.71
T04943,60521,22,16,7,1,-1,-0.0255915531672557,1,66.04
T04954,47835,22,75,1,0,-1,-0.005899086435642076,1,57.8
T04979,6207,0,3,5,0,-1,-0.0005097014366717278,1,55.55
T04981,21348,5,160,5,1,-1,-0.0021201929335485925,1,56.22
